INSERT INTO users(id, username, first_name, last_name, email, image_url, is_active, password)
VALUES (1, 'admin', 'Admin', 'Adminov', 'admin@gmail.com', null, true,
        '$2a$10$WT81avR7VkFwU41g6jtWFOB0GhPqncCijxAHufjN1nQA7G8krh.pS'),
       (2, 'moderator', 'Moderator', 'Moderatov', 'moderator@gmail.com', null, true,
        '$2a$10$oZix.cFqVIcI58MkfkbyAOBNX4.YpEcZMnoualTDmX1/VHvlX9nVG'),
       (3, 'user', 'User', 'Userov', 'user@gmail.com', null, true,
        '$2a$10$r/rrbGAiItedW7I90oNF2O.Y0XChUQRkDA.He7JaEXWYosPSh4tom'),
       (4, 'andy489', 'Andrey', 'Stoev', 'stoev.andy@gmail.com', null, true,
        '$2a$10$wucq9UuS.SqYIIbwE6BQFeYx.XVcAS33cQbLVrPlv0sxBWYS6rb9W'),
       (5, 'pesho', 'Pesho', 'Peshev', 'pesho@gmail.com', null, true,
        '$2a$10$TwALOx3iq4q48IN.G/E2LOQgVKtPVw3sSjzIzhBLn4Uok9C98yy/q'),
       (6, 'ivan', 'Ivan', 'Ivanov', 'ivan@gmail.com', null, true,
        '$2a$10$I9Qod24wgHA//Qx4aJh.3u4xk/gnXNm9/eXGEMUhASF1Mzat3g8e6'),
       (7, 'asd', 'asd', 'asd', 'asd@asd', null, true,
        '$2a$10$CIP7HVpW7bhJA1hMj1C4ceJax5/34nq/VWZFzWaDPipJWwTqRkX4.');

INSERT INTO users_user_roles(user_entity_id, user_roles_id)
VALUES (1, 1),
       (1, 3),
       (2, 2),
       (2, 3),
       (3, 3),
       (4, 3),
       (5, 3),
       (6, 3),
       (7, 3);

INSERT INTO brands(id, name)
VALUES (1, 'Ford'),
       (2, 'Lexus'),
       (3, 'Infiniti'),
       (4, 'BMW'),
       (5, 'Mercedes'),
       (6, 'Audi'),
       (7, 'Toyota'),
       (8, 'Harley-Davidson'),
       (9, 'MAN'),
       (10, 'VW'),
       (11, 'Bentley');

INSERT INTO models(id, name, category, start_year, end_year, brand_id, image_url)
VALUES (1, 'Fiesta', 'CAR', 1976, null, 1, 'https://www.motopfohe.bg/files/news/archive/2017/08/blob-server.jpg'),
       (2, 'Escort', 'CAR', 1968, 2000, 1, 'https://www.auto-data.net/images/f110/Ford-Escort-VII-Hatch-GAL-AFL.jpg'),
       (3, 'E-class', 'CAR', 1953, null, 5,
        'https://upload.wikimedia.org/wikipedia/commons/thumb/9/9b/2019_Mercedes-Benz_E220d_SE_Automatic_2.0_Front.jpg/1920px-2019_Mercedes-Benz_E220d_SE_Automatic_2.0_Front.jpg'),
       (4, 'Switchback FLD', 'MOTORCYCLE', 2012, 2016, 8,
        'https://encrypted-tbn0.gstatic.com/images?q=tbn:ANd9GcSZDVkYO0iyAvDaY555LvdQvnskZ4GldLkqGa5FN65_&s'),
       (5, 'A-class', 'CAR', 1997, null, 5,
        'https://carwow-uk-wp-1.imgix.net/A-Class-Facelift-2.png?auto=format&cs=tinysrgb&fit=clip&ixlib=rb-1.1.0&q=60&w=750'),
       (6, 'Yaris', 'CAR', 1999, null, 7,
        'https://www.autobild.es/sites/autobild.es/public/styles/main_element/public/dc/fotos/toyota-g1-hero-2-rgb-388457.jpeg?itok=V49WnRfR'),
       (7, 'LS500h', 'CAR', 2006, null, 2,
        'https://scene7.toyota.eu/is/image/toyotaeurope/LS-2?qlt=80&wid=1280&fit=fit,1&ts=19405'),
       (8, 'M37', 'CAR', 2007, null, 3,
        'https://www.edmunds.com/assets/m/infiniti/m37/2011/oem/2011_infiniti_m37_sedan_base_fq_oem_1_600.jpg'),
       (9, 'TGX', 'TRUCK', 2007, null, 9,
        'https://trucksimulator.wiki.gg/images/c/c4/MAN_TG3_TGX_1.jpg'),
       (10, 'A4', 'CAR', 1994, null, 6,
        'https://upload.wikimedia.org/wikipedia/commons/thumb/7/7e/2018_Audi_A4_Sport_TDi_Quattro_S-A_2.0.jpg/1920px-2018_Audi_A4_Sport_TDi_Quattro_S-A_2.0.jpg'),
       (11, 'X3', 'CAR', 2003, null, 4,
        'https://www.bmw.bg/content/dam/bmw/common/all-models/x-series/x3/2021/technical-data/bmw-x3-technical-data-stage-desktop.jpg/jcr:content/renditions/cq5dam.resized.img.1680.large.time1657183780154.jpg'),
       (12, 'RS', 'CAR', 2023, null, 6,
        'https://autobild.bg/wp-content/uploads/2021/07/Neue-Audi-2020-bis-2022-1200x800-6dbe1f718e6d1a1c-720x480.jpg'),
       (13, 'bZ4X', 'CAR', 2023, null, 7,
        'https://www.toyota.com/imgix/content/dam/toyota/jellies/max/2023/bz4x/2882.png?bg=fff&fm=webp&q=90&w=1764'),
       (14, 'Beetle', 'CAR', 1938, 2003, 10,
        'https://i0.wp.com/www.curbsideclassic.com/wp-content/uploads/2021/09/beetle-front-quarter.jpg?resize=600%2C398&ssl=1'),
       (15, 'Q60', 'CAR', 2013, null, 3,
        'https://upload.wikimedia.org/wikipedia/commons/thumb/4/49/2017_Infiniti_Q60_%28V37%29_front_4.24.18.jpg/1280px-2017_Infiniti_Q60_%28V37%29_front_4.24.18.jpg'),
       (16, 'Auris', 'CAR', 2006, 2020, 7,
        'https://mag.toyota.co.uk/wp-content/uploads/sites/2/2015/03/auris-price-and-specs.jpg'),
       (17, 'T-roc', 'CAR', 2017, null, 10,
        'https://mag.toyota.co.uk/wp-content/uploads/sites/2/2015/03/auris-price-and-specs.jpg'),
       (18, 'Q3', 'CAR', 2011, null, 6,
        'https://cf-cdn-v5.audi.at/media/FullWidthImage_Component/50979-447684/dh-1180-33d43f/93b1e8bf/1675154766/audi-galerie-3-oe.jpg'),
       (19, 'G-class', 'CAR', 1979, null, 5,
        'https://f7432d8eadcf865aa9d9-9c672a3a4ecaaacdf2fee3b3e6fd2716.ssl.cf3.rackcdn.com/C2299/U979/IMG_77247-large.jpg'),
       (20, 'LS', 'CAR', 1989, null, 5,
        'https://upload.wikimedia.org/wikipedia/commons/thumb/5/5a/2019_Lexus_LS_500_AWD_beige%2C_front_Hagerty_6.1.19.jpg/1280px-2019_Lexus_LS_500_AWD_beige%2C_front_Hagerty_6.1.19.jpg'),
       (21, 'Continental GTC', 'CAR', 2003, null, 11,
        'https://upload.wikimedia.org/wikipedia/commons/thumb/e/e1/Bentley_Continental_GT_First_Edition_%2849919050697%29_%28cropped%29_%28cropped%29.jpg/1920px-Bentley_Continental_GT_First_Edition_%2849919050697%29_%28cropped%29_%28cropped%29.jpg'),
       (22, 'MINI', 'CAR', 2000, null, 4,
        'https://upload.wikimedia.org/wikipedia/commons/d/d6/2015_MINI_Cooper_Hardtop_2_door_--_NHTSA_test_9062_-_front.jpg');

INSERT INTO offers(id, created, modified, price, year, description, engine, transmission, mileage, image_url, model_id,
            seller_id, awd, climatic, parktronic, navi, leasing, xenon_lights, isofix_system,
            anti_blocking_system, cabriolet, bluetooth)
VALUES ('ac42504f-5840-45c2-b9d0-87c6a4d65852', now(), now(), 25000.00, 2014, 'The BMW X3 is a SUV manufactured by BMW since 2003, based on the BMW 5 Series platform. Now in its third generation, BMW markets the car as a Sports Activity Vehicle, the company''s proprietary descriptor for its X-line luxury vehicles.', 'GASOLINE', 'AT', '190000', 'https://upload.wikimedia.org/wikipedia/commons/thumb/5/5d/2018_BMW_X3_%28G01%29_xDrive30i_wagon_%282018-11-02%29_01.jpg/1920px-2018_BMW_X3_%28G01%29_xDrive30i_wagon_%282018-11-02%29_01.jpg', 11, 4, true, true, true, true, false, true, true, true, false, true),
    ('bf12804g-1343-9a89-c11d-11c6a4c77851', '2020-12-22 00:00:00', now(), 17000.00, 2015,
     'Engine options for the W213 E-Class saw a major update, thanks to the switch to inline-6 cylinder engines from the previous V6 engines, along with a new generation of four-cylinder diesel engines, codenamed OM654, and existing four-cylinder petrol engines.',
     'DIESEL', 'AT', '175800',
     'https://upload.wikimedia.org/wikipedia/commons/thumb/c/c4/2013_Mercedes-Benz_E_250_%28W_212%29_sedan_%282015-07-14%29.jpg/1920px-2013_Mercedes-Benz_E_250_%28W_212%29_sedan_%282015-07-14%29.jpg',
     3, 4, false, true, true, false, true, true, true, true, false, false),
    ('644a1aa3-7ffe-4243-836a-9d3528bb5ae6', now(), now(), 6100.00, 2006,
     'Small and compact Toyota that you can park almost anywhere.',
     'GASOLINE', 'AT', '143800',
     'https://alarmsyst-bg.com/cdn/shop/products/TOYOTAYaris-5doors--619_1_1024x1024.jpg?v=1515171381',
     6, 6, false, true, false, false, false, false, false, false, false, false),
    ('c385faaf-d436-4438-ad45-46db6550cf11', '2021-03-10 00:00:00', now(), 195000.00, 2023,
     'RS 6 Performance with over 650 hp.',
     'ELECTRIC', 'AT', '0',
     'https://autobild.bg/wp-content/uploads/2021/07/A206760_large-591c78c0e96a2e71-720x405.jpg',
     12, 5, true, true, true, true, true, true, true, true, false, true),
    ('4349a7e8-69d0-4ed3-9a0f-4cb5c08cc817', '2023-02-12 00:00:00', now(), 67000.00, 2023,
     'XLE toyota, 250 hp.',
     'ELECTRIC', 'AT', '0',
     'https://www.toyota.com/imgix/content/dam/toyota/jellies/max/2023/bz4x/2872.png?bg=fff&fm=webp&q=90&w=1764',
     13, 4, true, true, true, false, false, false, true, false, false, false),
    ('1a1e3829-0a12-444d-9b13-2b726c0768df', '2019-05-09 00:00:00', now(), 52500.00, 2019,
     'BMW X3 in perfect condition.',
     'DIESEL', 'AT', '3400',
     'https://media.cazoo.com/image/upload/c_scale,f_auto,h_405,q_auto,w_720/cazoo-imagery/car_gallery_images/WBATX96030ND11445/52ff6ea9-ffed-4c8c-99e0-759aef004c1f.jpg',
     11, 7, true, true, true, true, false, true, true, true, false, true),
    ('1baabc8b-173c-4343-9579-0793228dab83', now(), now(), 6000.00, 2002,
     'The Volkswagen Beetle—officially the Volkswagen Type 1. It has a rear-engine design with a two-door body-style.',
     'GASOLINE', 'MT', '143800',
     'https://photos.carspecs.us/deb63ff9301d2ab17ba5d6496a45f77796dd709f-2000.jpg',
     14, 1, false, false, false, false, false, false, false, false, false, false),
    ('e6d2eebd-6e18-4a81-af27-ff04b4dcff96', '2022-01-10 00:00:00', now(), 33000.00, 2016,
     'INFINITI Q60 3.0t Luxe Coupe RWD.',
     'GASOLINE', 'AM', '132900',
     'https://www.motortrend.com/uploads/sites/5/2021/09/2022-Infiniti-Q60-sport-01.jpg?fit=around%7C875:492.1875',
     15, 2, true, true, true, true, true, true, true, true, false, true),
    ('5e063563-bf02-4556-96bc-f2bc0c742437', '2023-09-13 00:00:00', now(), 13100.00, 2018,
     '1 Company owner., full service history. Just serviced. Two keys plus front and rear camera.',
     'GASOLINE', 'CVT', '79800',
     'https://i.ytimg.com/vi/a2ytGtBIaNE/maxresdefault.jpg',
     16, 3, false, true, false, false, false, true, false, true, false, true),
    ('6c7cbb1d-6965-430e-928a-8ebb021088e0', '2022-04-04 00:00:00', now(), 14500.00, 2017,
     'Euro 6. Drivetrain: Enhanced engine brake, AdBlue, No Retarder. Chassis: Low Deck. Cabin interior: A/C, Climate control, Parking heater, Air suspension seat, Refrigerator, Radio, 2 Beds. Cabin exterior: LED daytime running lights, Curve lights, Halogen, Spoiler set.',
     'DIESEL', 'CVT', '980100',
     'https://auto-fleet.ru/wp-content/uploads/2023/06/IMG_9724.webp',
     9, 4, false, true, false, true, false, true, false, true, false, true),
    ('6adb5c56-ca32-49a8-9723-075ec3872387', '2021-08-09 00:00:00', now(), 43000.00, 2019,
     'The MAN TGX is your partner for long-haul transport: featuring an ergonomically optimised cockpit, efficient driveline and smart assistance systems.',
     'DIESEL', 'AM', '11892200',
     'https://www.truck1.eu/img/Truck_Container_transporter_Swap_body_truck_MAN_TGX_26_400_XLX_E5_BDF_343_tkm-xxl-3103/3103_1344078565753.jpg',
     9, 6, false, true, false, true, false, true, false, true, false, true),
    ('49b4c1dc-90d9-4222-8869-cfdfca82609c', '2022-07-06 00:00:00', now(), 22600.00, 2018,
     '116 hp. Possibility of own leasing with extremely flexible terms (approval up to 10 min.). Guaranteed origin (Each of our cars goes through an 8-step origin verification system).',
     'GASOLINE', 'CVT', '44000',
     'https://cdn3.focus.bg/autodata/i/volkswagen/t-roc/t-roc/large/65f7b9d110484c0f3a054252a07befd8.jpg',
     9, 6, false, true, true, false, true, true, true, true, false, false),
    ('b0e5b070-ae7b-4052-acb5-93672036f48e', '2021-11-11 00:00:00', now(), 36200.00, 2019,
     'The Volkswagen T-Roc is a subcompact crossover SUV (B-segment) manufactured by German automaker Volkswagen since 2017.',
     'GASOLINE', 'CVT', '39000',
     'https://stimg.cardekho.com/images/carexteriorimages/930x620/Volkswagen/T-Roc/6889/1621339772720/front-left-side-47.jpg',
     17, 6, false, true, false, false, false, true, true, true, false, false),
    ('b3999d35-ee46-4cec-a38c-86fcbdc0b4c4', '2021-05-12 00:00:00', now(), 44000.00, 2021,
     'An eight-speed automatic shuttles output to all four wheels via the standard quattro all-wheel drive system. Neither version of the Q3 is class-leading quick; the best zero-sixty we could extract was 7.3 seconds when we tested the Q3 45 a few years back.',
     'GASOLINE', 'CVT', '69700',
     'https://imgd-ct.aeplcdn.com/1056x660/n/cw/ec/28379/q3-exterior-front-view.jpeg?isig=0&q=75',
     18, 4, true, true, true, true, true, true, true, true, false, true),
    ('47bec9bc-0139-4af8-9afc-9e9405720bf5', '2023-12-17 00:00:00', now(), 38900.00, 2019,
     'The transmission shifts smoothly and provides a Sport mode as well as the option for manual operation. Steering, although direct, is light on feel.',
     'GASOLINE', 'AT', '26400',
     'https://media.cazoo.com/image/upload/c_scale,f_auto,h_405,q_auto,w_720/cazoo-imagery/car_gallery_images/WAUZZZF36K1026275/2f4a3319-5ba6-4424-9b16-61af50c473e9.jpg',
     18, 5, false, true, true, false, true, true, true, true, false, true),
    ('db963097-8749-4b53-bcdb-103704de270d', '2020-08-12 00:00:00', now(), 53200.00, 2022,
     'The suspension is tuned for comfort rather than performance, but a hardcore suspension would be entirely out of place here. As it sits, the chassis and engine are well-mated for a pleasant and sometimes frisky driving experience.',
     'GASOLINE', 'AM', '19000',
     'https://assets-eu-01.kc-usercontent.com/3b3d460e-c5ae-0195-6b86-3ac7fb9d52db/986c2a30-654c-4fbc-b0e5-637e55a181e2/Audi%20Q3%20%282%29.jpg?width=800&fm=jpg&auto=format',
     18, 6, false, true, true, true, true, true, false, true, false, true),
    ('386b9508-6103-43bb-87a5-107e5a10f122', '2020-08-12 00:00:00', now(), 86200.00, 2017,
     'The Mercedes-Benz G-Class, sometimes colloquially called the G-Wagen (as an abbreviation of Geländewagen) is a four-wheel drive automobile manufactured by Magna Steyr (formerly Steyr-Daimler-Puch) in Austria and sold by Mercedes-Benz.',
     'GASOLINE', 'AT', '39000',
     'https://f7432d8eadcf865aa9d9-9c672a3a4ecaaacdf2fee3b3e6fd2716.ssl.cf3.rackcdn.com/C2299/U735/IMG_71501-large.jpg',
     19, 2, true, true, true, true, true, true, false, true, false, true),
    ('e2cbc609-25c7-40db-93c6-121867aef109', '2022-07-10 00:00:00', now(), 81400.00, 2018,
     'Powered by a twin-turbo V-8 that makes 416 horsepower and 450 pound-feet of torque, the G550 is as quick on the street as it is capable on the trail.',
     'GASOLINE', 'AT', '39000',
     'https://media.ed.edmunds-media.com/mercedes-benz/g-class/2023/oem/2023_mercedes-benz_g-class_4dr-suv_amg-g-63_fq_oem_10_1280.jpg',
     19, 6, true, true, true, true, true, true, false, true, false, true),
    ('f696dc5e-4507-4bca-94ad-974c6fe74aee', '2023-02-04 00:00:00', now(), 106800.00, 2019,
     'All-wheel drive is standard on the G550, and its engine shuttles power through an obedient nine-speed automatic transmission.',
     'DIESEL', 'AT', '39000',
     'https://www.ir-luxecars.com/wp-content/uploads/2022/05/GClass-IR-LuxeCars.jpg',
     19, 6, true, true, true, true, true, true, false, true, false, true),
    ('14e27cdf-fed5-44f0-8741-b8efb1f8aca9', '2023-04-04 00:00:00', now(), 102100.00, 2022,
     'The G550''s steering feels more precise than ever and the ride quality is composed on all but the choppiest surfaces. Mercedes also equips each G-class with three locking differentials and a low-range gear, which means it can tackle just about any terrain.',
     'GASOLINE', 'AM', '39000',
     'https://lirp.cdn-website.com/8965dfae/dms3rep/multi/opt/IMG_9241-photo-1920w.jpeg',
     19, 7, true, true, true, true, true, true, false, true, false, true),
    ('b9810a89-454c-46d9-96cf-8afb3d333d3e', '2023-01-08 00:00:00', now(), 81800.00, 2019,
     '4.0-liter 1UZ-FE V8 engine, producing 194 kilowatts (260 hp) and 366 newton-metres (270 ft⋅lbf) of torque.',
     'ELECTRIC', 'AT', '99000',
     'https://carsguide-res.cloudinary.com/image/upload/f_auto%2Cfl_lossy%2Cq_auto%2Ct_default/v1/editorial/2020-Lexus-LS-Inspiration-Series-Sedan-Brown-1001x565%20%282%29.jpg',
     20, 4, false, true, true, true, true, true, true, true, false, true),
    ('9838d9bf-0d34-4be3-846a-46f2314bf181', '2022-05-30 00:00:00', now(), 48700.00, 2017,
     'Twin-turbocharged 3.4-liter V-6 that delivers a silky-smooth 416 horsepower. ',
     'HYBRID', 'AM', '109000',
     'https://www.carscoops.com/wp-content/uploads/2020/09/2021-Lexus-LS-Euro-spec-0.jpg',
     20, 5, true, true, true, true, true, true, true, true, false, true),
    ('a9575bc1-be5a-4c89-8a87-334b9d8235b8', '2021-03-30 00:00:00', now(), 1109200.00, 2022,
     'Twin-turbocharged 3.4-liter V-6 that delivers a silky-smooth 416 horsepower. ',
     'HYBRID', 'AM', '12000',
     'https://www.slashgear.com/img/gallery/2020-bentley-continental-gt-v8-first-drive-review-when-compromise-is-unforgivable/intro-import.webp',
     21, 5, true, true, true, true, true, true, true, true, true, true),
    ('05127143-d888-4533-bea7-c20614eb6795', '2023-02-04 00:00:00', now(), 34900.00, 2022,
     'fully equipped with a TwinPower Turbo engine configuration, and gets from 0-60 in as little as 5.9 seconds with the JCW mode.',
     'GASOLINE', 'AM', '19000',
     'https://www.mini.bg/bg_BG/home/range/mini-convertible/_jcr_content/main/par/stage/motion.narrow.768w.j_1617969711562.jpg',
     22, 3, true, false, true, false, true, true, true, true, true, true);





