INSERT INTO users(id, username, first_name, last_name, email, image_url, is_active, password)
VALUES (1, 'admin', 'Admin', 'Adminov', 'admin@gmail.com', null, true,
        '$2a$10$FVRAfH2Tn4IXHhiTkuuahuMJtq8rPfgeU51EB.xbphRWn1BYsm4uy'),
       (2, 'moderator', 'Moderator', 'Moderatov', 'moderator@gmail.com', null, true,
        '$2a$10$lvaoHVZy.i7Pctpkr6hri.eYu.Z6eCFzoSqsidJVI4SdT2qzHns3e'),
       (3, 'user', 'User', 'Userov', 'user@gmail.com', null, true,
        '$2a$10$D/mQLMhnwiosaWTTdsy7jeDxZ9dYynss3AG3kkEaNp/quJqSQ7Hci'),
       (4, 'andy489', 'Andrey', 'Stoev', 'stoev.andy@gmail.com', null, true,
        '$2a$10$3jeS7YPhTXpdOyjO3t0Pru8wjLk5PfRwvBbnOcRCT47xzZ8XDx1na'),
       (5, 'pesho', 'Pesho', 'Peshev', 'pesho@gmail.com', null, true,
        '$2a$10$u9/o7CsSQ4z8/8HW/mwXNOM.2Y3xBPPfzbA96syXuAetcScbwK5Re'),
       (6, 'ivan', 'Ivan', 'Ivanov', 'ivan@gmail.com', null, true,
        '$2a$10$WSOR19L2R1zui3xF6dUQoOZojr0nE0XyXc4zz2RcuAsvRdrt3R71G'),
       (7, 'asd', 'asd', 'asd', 'asd@asd', null, true,
        '$2a$10$lDt/SqmXcbWtXV.7RxH0EuKDJFNaHe8Ou9Y.102FkjY/Q4coWccPi');

INSERT INTO users_roles(user_id, role_id)
VALUES (1, 1),
       (1, 3),
       (2, 2),
       (2, 3),
       (3, 3),
       (4, 3),
       (5, 3),
       (6, 3),
       (7, 3);

INSERT INTO brands(id, name)
VALUES (1, 'Ford'),
       (2, 'Lexus'),
       (3, 'Infiniti'),
       (4, 'BMW'),
       (5, 'Mercedes'),
       (6, 'Audi'),
       (7, 'Toyota'),
       (8, 'Harley-Davidson'),
       (9, 'MAN'),
       (10, 'VW'),
       (11, 'Bentley');

INSERT INTO models(id, name, category, start_year, end_year, brand_id, image_url)
VALUES (1, 'Fiesta', 'CAR', 1976, null, 1,
        '/images/models/model_022.png'),
       (2, 'Escort', 'CAR', 1968, 2000, 1,
        '/images/models/model_021.png'),
       (3, 'E-class', 'CAR', 1953, null, 5,
        '/images/models/model_020.png'),
       (4, 'Switchback FLD', 'MOTORCYCLE', 2012, 2016, 8,
        '/images/models/model_019.png'),
       (5, 'A-class', 'CAR', 1997, null, 5,
        '/images/models/model_018.png'),
       (6, 'Yaris', 'CAR', 1999, null, 7,
        '/images/models/model_017.png'),
       (7, 'LS500h', 'CAR', 2006, null, 2,
        '/images/models/model_016.png'),
       (8, 'M37', 'CAR', 2007, null, 3,
        '/images/models/model_015.png'),
       (9, 'TGX', 'TRUCK', 2007, null, 9,
        '/images/models/model_014.png'),
       (10, 'A4', 'CAR', 1994, null, 6,
        '/images/models/model_013.png'),
       (11, 'X3', 'CAR', 2003, null, 4,
        '/images/models/model_012.png'),
       (12, 'RS', 'CAR', 2023, null, 6,
        '/images/models/model_011.png'),
       (13, 'bZ4X', 'CAR', 2023, null, 7,
        '/images/models/model_010.png'),
       (14, 'Beetle', 'CAR', 1938, 2003, 10,
        '/images/models/model_009.png'),
       (15, 'Q60', 'CAR', 2013, null, 3,
        '/images/models/model_008.png'),
       (16, 'Auris', 'CAR', 2006, 2020, 7,
        '/images/models/model_007.png'),
       (17, 'T-roc', 'CAR', 2017, null, 10,
        '/images/models/model_006.png'),
       (18, 'Q3', 'CAR', 2011, null, 6,
        '/images/models/model_005.png'),
       (19, 'G-class', 'CAR', 1979, null, 5,
        '/images/models/model_004.png'),
       (20, 'LS', 'CAR', 1989, null, 5,
        '/images/models/model_003.png'),
       (21, 'Continental GTC', 'CAR', 2003, null, 11,
        '/images/models/model_002.png'),
       (22, 'MINI', 'CAR', 2000, null, 4,
        '/images/models/model_001.png');

INSERT INTO offers(id, created, modified, price, year, description, engine, transmission, mileage, image_url, model_id,
            seller_id, awd, climatic, parktronic, navi, leasing, xenon_lights, isofix_system,
            anti_blocking_system, cabriolet, bluetooth)
VALUES ('ac42504f-5840-45c2-b9d0-87c6a4d65852', now(), now(), 25000.00, 2014, 'The BMW X3 is a SUV manufactured by BMW since 2003, based on the BMW 5 Series platform. Now in its third generation, BMW markets the car as a Sports Activity Vehicle, the company''s proprietary descriptor for its X-line luxury vehicles.', 'GASOLINE', 'AT', '190000', 'https://upload.wikimedia.org/wikipedia/commons/thumb/5/5d/2018_BMW_X3_%28G01%29_xDrive30i_wagon_%282018-11-02%29_01.jpg/1920px-2018_BMW_X3_%28G01%29_xDrive30i_wagon_%282018-11-02%29_01.jpg', 11, 4, true, true, true, true, false, true, true, true, false, true),
    ('bf12804g-1343-9a89-c11d-11c6a4c77851', '2020-12-22 00:00:00', now(), 17000.00, 2015,
     'Engine options for the W213 E-Class saw a major update, thanks to the switch to inline-6 cylinder engines from the previous V6 engines, along with a new generation of four-cylinder diesel engines, codenamed OM654, and existing four-cylinder petrol engines.',
     'DIESEL', 'AT', '175800',
     '/images/cars/car_0023.png',
     3, 4, false, true, true, false, true, true, true, true, false, false),
    ('644a1aa3-7ffe-4243-836a-9d3528bb5ae6', now(), now(), 6100.00, 2006,
     'Small and compact Toyota that you can park almost anywhere.',
     'GASOLINE', 'AT', '143800',
     '/images/cars/car_0022.png',
     6, 6, false, true, false, false, false, false, false, false, false, false),
    ('c385faaf-d436-4438-ad45-46db6550cf11', '2021-03-10 00:00:00', now(), 195000.00, 2023,
     'RS 6 Performance with over 650 hp.',
     'ELECTRIC', 'AT', '0',
     '/images/cars/car_0021.png',
     12, 5, true, true, true, true, true, true, true, true, false, true),
    ('4349a7e8-69d0-4ed3-9a0f-4cb5c08cc817', '2023-02-12 00:00:00', now(), 67000.00, 2023,
     'XLE toyota, 250 hp.',
     'ELECTRIC', 'AT', '0',
     '/images/cars/car_0020.png',
     13, 4, true, true, true, false, false, false, true, false, false, false),
    ('1a1e3829-0a12-444d-9b13-2b726c0768df', '2019-05-09 00:00:00', now(), 52500.00, 2019,
     'BMW X3 in perfect condition.',
     'DIESEL', 'AT', '3400',
     '/images/cars/car_0019.png',
     11, 7, true, true, true, true, false, true, true, true, false, true),
    ('1baabc8b-173c-4343-9579-0793228dab83', now(), now(), 6000.00, 2002,
     'The Volkswagen Beetle—officially the Volkswagen Type 1. It has a rear-engine design with a two-door body-style.',
     'GASOLINE', 'MT', '143800',
     '/images/cars/car_0018.png',
     14, 1, false, false, false, false, false, false, false, false, false, false),
    ('e6d2eebd-6e18-4a81-af27-ff04b4dcff96', '2022-01-10 00:00:00', now(), 33000.00, 2016,
     'INFINITI Q60 3.0t Luxe Coupe RWD.',
     'GASOLINE', 'AM', '132900',
     '/images/cars/car_0017.png',
     15, 2, true, true, true, true, true, true, true, true, false, true),
    ('5e063563-bf02-4556-96bc-f2bc0c742437', '2023-09-13 00:00:00', now(), 13100.00, 2018,
     '1 Company owner., full service history. Just serviced. Two keys plus front and rear camera.',
     'GASOLINE', 'CVT', '79800',
     '/images/cars/car_0016.png',
     16, 3, false, true, false, false, false, true, false, true, false, true),
    ('6c7cbb1d-6965-430e-928a-8ebb021088e0', '2022-04-04 00:00:00', now(), 14500.00, 2017,
     'Euro 6. Drivetrain: Enhanced engine brake, AdBlue, No Retarder. Chassis: Low Deck. Cabin interior: A/C, Climate control, Parking heater, Air suspension seat, Refrigerator, Radio, 2 Beds. Cabin exterior: LED daytime running lights, Curve lights, Halogen, Spoiler set.',
     'DIESEL', 'CVT', '980100',
     '/images/cars/car_0015.png',
     9, 4, false, true, false, true, false, true, false, true, false, true),
    ('6adb5c56-ca32-49a8-9723-075ec3872387', '2021-08-09 00:00:00', now(), 43000.00, 2019,
     'The MAN TGX is your partner for long-haul transport: featuring an ergonomically optimised cockpit, efficient driveline and smart assistance systems.',
     'DIESEL', 'AM', '11892200',
     '/images/cars/car_0014.png',
     9, 6, false, true, false, true, false, true, false, true, false, true),
    ('49b4c1dc-90d9-4222-8869-cfdfca82609c', '2022-07-06 00:00:00', now(), 22600.00, 2018,
     '116 hp. Possibility of own leasing with extremely flexible terms (approval up to 10 min.). Guaranteed origin (Each of our cars goes through an 8-step origin verification system).',
     'GASOLINE', 'CVT', '44000',
     '/images/cars/car_0013.png',
     9, 6, false, true, true, false, true, true, true, true, false, false),
    ('b0e5b070-ae7b-4052-acb5-93672036f48e', '2021-11-11 00:00:00', now(), 36200.00, 2019,
     'The Volkswagen T-Roc is a subcompact crossover SUV (B-segment) manufactured by German automaker Volkswagen since 2017.',
     'GASOLINE', 'CVT', '39000',
     '/images/cars/car_0012.png',
     17, 6, false, true, false, false, false, true, true, true, false, false),
    ('b3999d35-ee46-4cec-a38c-86fcbdc0b4c4', '2021-05-12 00:00:00', now(), 44000.00, 2021,
     'An eight-speed automatic shuttles output to all four wheels via the standard quattro all-wheel drive system. Neither version of the Q3 is class-leading quick; the best zero-sixty we could extract was 7.3 seconds when we tested the Q3 45 a few years back.',
     'GASOLINE', 'CVT', '69700',
     '/images/cars/car_0011.png',
     18, 4, true, true, true, true, true, true, true, true, false, true),
    ('47bec9bc-0139-4af8-9afc-9e9405720bf5', '2023-12-17 00:00:00', now(), 38900.00, 2019,
     'The transmission shifts smoothly and provides a Sport mode as well as the option for manual operation. Steering, although direct, is light on feel.',
     'GASOLINE', 'AT', '26400',
     '/images/cars/car_0010.png',
     18, 5, false, true, true, false, true, true, true, true, false, true),
    ('db963097-8749-4b53-bcdb-103704de270d', '2020-08-12 00:00:00', now(), 53200.00, 2022,
     'The suspension is tuned for comfort rather than performance, but a hardcore suspension would be entirely out of place here. As it sits, the chassis and engine are well-mated for a pleasant and sometimes frisky driving experience.',
     'GASOLINE', 'AM', '19000',
     '/images/cars/car_0009.png',
     18, 6, false, true, true, true, true, true, false, true, false, true),
    ('386b9508-6103-43bb-87a5-107e5a10f122', '2020-08-12 00:00:00', now(), 86200.00, 2017,
     'The Mercedes-Benz G-Class, sometimes colloquially called the G-Wagen (as an abbreviation of Geländewagen) is a four-wheel drive automobile manufactured by Magna Steyr (formerly Steyr-Daimler-Puch) in Austria and sold by Mercedes-Benz.',
     'GASOLINE', 'AT', '39000',
     '/images/cars/car_0008.png',
     19, 2, true, true, true, true, true, true, false, true, false, true),
    ('e2cbc609-25c7-40db-93c6-121867aef109', '2022-07-10 00:00:00', now(), 81400.00, 2018,
     'Powered by a twin-turbo V-8 that makes 416 horsepower and 450 pound-feet of torque, the G550 is as quick on the street as it is capable on the trail.',
     'GASOLINE', 'AT', '39000',
     '/images/cars/car_0007.png',
     19, 6, true, true, true, true, true, true, false, true, false, true),
    ('f696dc5e-4507-4bca-94ad-974c6fe74aee', '2023-02-04 00:00:00', now(), 106800.00, 2019,
     'All-wheel drive is standard on the G550, and its engine shuttles power through an obedient nine-speed automatic transmission.',
     'DIESEL', 'AT', '39000',
     '/images/cars/car_0006.png',
     19, 6, true, true, true, true, true, true, false, true, false, true),
    ('14e27cdf-fed5-44f0-8741-b8efb1f8aca9', '2023-04-04 00:00:00', now(), 102100.00, 2022,
     'The G550''s steering feels more precise than ever and the ride quality is composed on all but the choppiest surfaces. Mercedes also equips each G-class with three locking differentials and a low-range gear, which means it can tackle just about any terrain.',
     'GASOLINE', 'AM', '39000',
     '/images/cars/car_0005.png',
     19, 7, true, true, true, true, true, true, false, true, false, true),
    ('b9810a89-454c-46d9-96cf-8afb3d333d3e', '2023-01-08 00:00:00', now(), 81800.00, 2019,
     '4.0-liter 1UZ-FE V8 engine, producing 194 kilowatts (260 hp) and 366 newton-metres (270 ft⋅lbf) of torque.',
     'ELECTRIC', 'AT', '99000',
     '/images/cars/car_0004.png',
     20, 4, false, true, true, true, true, true, true, true, false, true),
    ('9838d9bf-0d34-4be3-846a-46f2314bf181', '2022-05-30 00:00:00', now(), 48700.00, 2017,
     'Twin-turbocharged 3.4-liter V-6 that delivers a silky-smooth 416 horsepower. ',
     'HYBRID', 'AM', '109000',
     '/images/cars/car_0003.png',
     20, 5, true, true, true, true, true, true, true, true, false, true),
    ('a9575bc1-be5a-4c89-8a87-334b9d8235b8', '2021-03-30 00:00:00', now(), 1109200.00, 2022,
     'Twin-turbocharged 3.4-liter V-6 that delivers a silky-smooth 416 horsepower. ',
     'HYBRID', 'AM', '12000',
     '/images/cars/car_0002.png',
     21, 5, true, true, true, true, true, true, true, true, true, true),
    ('05127143-d888-4533-bea7-c20614eb6795', '2023-02-04 00:00:00', now(), 34900.00, 2022,
     'fully equipped with a TwinPower Turbo engine configuration, and gets from 0-60 in as little as 5.9 seconds with the JCW mode.',
     'GASOLINE', 'AM', '19000',
     '/images/cars/car_0001.png',
     22, 3, true, false, true, false, true, true, true, true, true, true);





